id,date,game1,game2,game3,comment
3876354869,2023-01-11,5:1,2:3,1:0,Das erste Spiel im Buch
3876371520,2023-01-11,3:1,1:1,2:0,
3876373553,2023-01-11,1:4,5:0,0:2,
3876375146,2023-01-11,0:2,2:1,3:3,
3876380024,2023-01-20,0:0,1:0,1:4,
3876381764,2023-02-03,2:0,4:1,0:3,
3881587280,2023-02-17,3:3,1:2,2:3,
3881589342,2023-02-17,1:2,2:3,1:2,Erster Grand Slam
3881590109,2023-02-24,4:2,4:3,0:2,
3881590972,2023-03-04,2:3,3:2,2:2,
3881591874,2023-03-05,0:1,2:3,0:2,
3881592855,2023-03-07,2:0,1:0,3:4,
3881593231,2023-03-08,4:1,1:2,2:1,
3881595836,2023-03-08,3:1,1:2,2:4,
3881596908,2023-03-10,1:0,0:1,1:1,
3881597297,2023-03-17,2:1,2:2,1:0,
3881597916,2023-03-24,4:3,2:2,3:3,
3881598605,2023-03-29,2:1,2:1,2:0,
3881600372,2023-03-31,2:2,1:1,0:0,
3881601379,2023-05-03,2:5,2:2,3:3,
3881601705,2023-05-03,3:2,2:0,1:3,
3881601930,2023-05-03,2:3,3:2,2:2,
3881602213,2023-05-05,1:4,3:0,0:2,
3881603348,2023-05-23,5:4,1:1,3:1,
3881603752,2023-06-02,1:1,2:1,2:0,
3881604263,2023-06-02,2:5,1:1,2:5,
3881605270,2023-06-16,2:2,1:2,2:0,
3881605544,2023-06-30,3:4,1:2,2:4,
3881605895,2023-07-07,4:3,1:1,5:0,
3881606134,2023-07-14,1:3,0:1,0:4,
3881607006,2023-07-19,2:1,2:2,1:2,
3881607554,2023-07-19,6:3,1:3,1:4,
3881608262,2023-07-19,4:0,1:2,3:0,
3883082821,2023-08-04,3:2,3:3,2:4,
3881609467,2023-08-11,4:1,0:1,2:4,
3881610592,2023-08-18,2:0,4:2,3:0,"3. Spiel: Grüner Tisch, Heiko hat hingeworfen"
3881614805,2023-08-18,4:3,1:1,2:1,
3881615235,2023-08-18,1:2,1:1,3:4,
3881615739,2023-08-18,1:2,1:3,0:3,"Abbruch von Jan, 3. Spiel Grüner Tisch"
3881617787,2023-09-08,4:5,1:6,2:3,
3881618064,2023-09-08,2:1,2:1,3:1,
3881618278,2023-09-08,1:1,1:1,2:1,
3881618555,2023-09-08,2:1,2:4,3:5,
3881619244,2023-10-25,4:4,1:1,4:2,
3881619971,2023-10-25,2:2,2:3,2:2,
3881620172,2023-10-25,2:3,3:4,2:2,
3881620784,2023-10-27,3:2,2:3,1:3,
3881621643,2023-11-24,1:0,2:3,3:1,
3881622258,2023-12-08,1:0,2:2,3:4,
3881625068,2023-12-22,1:2,1:2,2:1,
3881626522,2024-01-12,1:1,3:3,2:3,
3881627326,2024-02-09,2:2,4:1,2:3,
3881627930,2024-02-09,3:2,3:1,3:4,
3881628792,2024-02-16,1:1,1:0,3:3,
3881629661,2024-03-19,2:2,3:2,0:3,
3881631704,2024-03-20,0:2,3:1,1:3,
3881632214,2024-03-22,2:0,2:0,2:6,
3881632574,2024-03-29,3:1,4:2,2:1,
3881633287,2024-04-05,3:2,1:3,0:0,"Abbruch, letztes Spiel 0:0 gewertet"
3881635232,2024-04-12,2:1,3:0,3:1,
3881635790,2024-05-09,2:0,3:4,2:3,
3881636261,2024-05-17,1:1,2:2,6:1,
3881637352,2024-05-18,1:2,2:2,0:2,
3881637921,2024-05-22,3:1,1:0,1:2,
3881638130,2024-05-22,2:1,3:2,3:2,
3881638336,2024-05-22,2:1,1:2,1:4,
3881638928,2024-05-22,2:2,4:2,4:3,
3881639281,2024-06-14,2:1,3:0,1:4,
3881639479,2024-06-28,1:1,2:1,1:1,
3881640737,2024-07-05,0:1,2:4,1:2,
3881641099,2024-07-12,0:0,2:0,4:2,
3881643713,2024-07-19,2:3,5:1,4:0,
3881644203,2024-08-14,4:1,2:3,5:0,
3881644845,2024-08-14,2:4,0:1,3:3,
3881645424,2024-08-23,0:1,2:4,3:0,
3881645973,2024-08-30,2:4,1:1,0:1,
3881647421,2024-09-06,1:2,1:0,2:3,
3881648253,2024-09-27,2:1,1:3,4:3,
3881648667,2024-09-27,0:1,2:1,2:2,
3881652139,2024-09-27,2:0,1:1,1:2,
3881663459,2024-10-04,3:1,2:1,3:2,Datum geraten
3881664616,2024-10-04,6:2,1:2,1:5,Datum geraten
3881666894,2024-10-11,2:3,2:3,3:4,Datum geraten
3881669088,2024-10-18,0:3,0:1,0:5,"Datum geraten, Super Grand Slam!"
3881670628,2024-10-25,4:0,1:5,3:3,Datum geraten
3881673212,2024-11-01,2:3,2:1,1:1,Datum geraten
3881674643,2024-11-15,1:3,1:2,2:2,
3881675579,2024-12-06,2:1,3:4,5:1,
3881676655,2024-12-20,1:2,4:2,2:2,
3881677493,2024-12-27,2:4,1:3,1:1,
3881677884,2024-12-27,3:2,1:3,1:1,
3881678544,2025-01-03,3:1,3:1,2:1,
3881682529,2025-01-24,2:4,2:1,3:2,
3881683420,2025-02-07,2:1,0:0,3:0,
3881684326,2025-02-14,3:2,2:2,0:2,
3881684977,2025-02-14,0:2,2:3,0:0,
3881685283,2025-02-14,2:0,3:4,2:0,
3881685806,2025-02-21,3:3,0:0,3:1,
3881686440,2025-02-28,3:2,2:1,3:0,"Abbruch Heiko, 3. Spiel 3:0 gewertet"
3881688996,2025-03-07,2:1,4:0,4:4,
3881690009,2025-03-18,2:1,4:1,5:0,
3881690791,2025-03-19,2:1,0:4,2:3,
3881691191,2025-03-19,5:4,2:1,2:3,
3881692794,2025-03-21,2:2,2:3,0:1,Danach war der Amiga kaputt
3881694603,2025-07-11,2:3,5:1,1:2,Erstes Spiel mit usb-floppy
3881696553,2025-07-18,4:3,1:2,1:3,
3881697226,2025-08-06,2:2,4:2,3:6,
3881698645,2025-08-06,3:2,1:3,3:1,
3881699094,2025-08-06,2:2,5:2,1:4,
3881699491,2025-08-09,2:1,3:3,2:1,
3881700589,2025-08-12,0:2,1:2,3:2,
3881701050,2025-08-13,4:3,0:3,2:2,
3881705637,2025-08-13,1:3,2:1,2:3,
3881706231,2025-08-15,4:1,1:3,2:4,
3881706801,2025-08-15,1:1,1:1,4:1,
3881707151,2025-08-22,4:2,3:2,2:0,
3881709276,2025-09-12,2:0,3:2,3:0,"3. Spiel 3:0 gewertet, H brach ab"
3881711077,2025-10-04,2:3,2:4,2:3,
3881711466,2025-10-04,2:0,0:1,3:1,
3881711698,2025-10-04,2:0,3:2,3:1,
3881712556,2025-10-17,1:3,2:1,1:2,
3881713226,2025-10-19,0:1,3:2,0:2,
3881713538,2025-10-19,1:5,2:2,1:0,
3881714207,2025-10-24,3:5,3:0,4:3,
3881714809,2025-11-01,0:0,1:0,1:1,
3881715241,2025-11-07,4:2,2:1,0:1,
3881715429,2025-11-14,1:1,2:1,2:3,
3881715853,2025-11-21,1:2,1:2,3:5,
3881716544,2025-11-28,1:3,3:1,1:2,
3881717240,2025-12-05,1:2,4:2,3:0,
3881717632,2025-12-13,2:2,1:1,2:2,
3881717915,2025-12-19,3:2,2:2,0:4,
3881718846,2025-12-27,3:2,2:1,2:0,
3881720003,2026-01-02,3:0,2:3,0:2,
3881720459,2026-01-09,2:3,1:3,1:1,
3881722455,2026-01-16,2:2,0:2,3:0,
3881722905,2026-01-23,2:3,3:1,2:3,
3881723625,2026-01-23,2:2,1:1,2:1,
3881724730,2026-01-30,2:2,4:2,2:5,
3881725337,2026-01-30,0:2,3:4,3:2,
3907832814,2026-02-06,1:0,4:3,1:1,Skandal! Heiko hatte Nerven
3939331209,2026-02-13,1:2,2:2,3:4,
3939575644,2026-02-13,4:0,4:4,0:3,
3939705971,2026-02-13,2:2,0:3,0:0,
3970126082,2026-02-20,2:1,2:3,2:2,
4002566964,2026-02-27,1:1,3:2,3:1,
4002310769,2026-02-27,2:2,6:1,2:5,
4036319208,2026-03-06,2:4,0:1,0:2,
4036481873,2026-03-06,0:1,1:3,0:1,
4041802324,2026-03-08,4:2,0:2,2:2,
4046818941,2026-03-09,1:1,2:3,8:2,
4051402666,2026-03-10,1:1,1:3,4:1,
4065687260,2026-03-12,1:3,4:2,0:1,
4070664703,2026-03-13,2:2,2:3,2:2,
4070886262,2026-03-13,3:3,1:1,1:0,
4161458402,2026-03-27,1:1,0:1,1:0,
4188456740,2026-04-01,2:1,1:1,1:1,
4241105730,2026-04-10,2:2,2:0,1:3,
4241319262,2026-04-10,2:0,0:4,1:0,
4284007787,2026-04-17,4:3,0:2,1:2,
4304119901,2026-04-21,3:3,4:2,4:0,
4327594115,2026-04-25,0:1,2:2,2:0,
4365889810,2026-05-01,3:3,1:2,1:2,
4372548318,2026-05-03,2:3,0:1,3:3,
4372677730,2026-05-03,2:0,4:1,2:2,
4372803444,2026-05-03,1:3,3:0,2:1,
4599158469,2026-06-05,5:2,1:2,1:2,
4642624574,2026-06-11,1:3,2:1,7:1,
4702414551,2026-06-19,4:0,4:0,1:2,
4727924994,2026-06-23,2:1,2:2,2:2,
4876012642,2026-07-13,1:3,2:2,1:4,
4876646661,2026-07-13,1:2,1:1,2:3,
4876317334,2026-07-13,3:3,3:0,2:3,
4876992183,2026-07-13,4:1,3:4,2:2,
4913598700,2026-07-17,6:0,4:3,2:4,
5032014373,2026-07-31,1:2,1:2,3:1,
5154958754,2026-08-14,0:4,1:2,3:1,
5215871746,2026-08-21,3:4,3:0,1:0,
5216259728,2026-08-21,2:2,3:4,2:2,
5237631956,2026-08-24,2:3,2:4,3:0,
5238001729,2026-08-24,4:3,5:1,0:2,
5238311122,2026-08-24,2:4,4:1,5:3,
5238680575,2026-08-24,2:0,3:0,2:3,
5239014732,2026-08-24,4:1,1:2,2:1,
5292997242,2026-08-30,3:2,3:3,2:1,
5293198820,2026-08-30,2:1,0:1,4:1,
5338793754,2026-09-03,2:0,1:1,2:0,
5434405876,2026-09-12,2:4,4:3,3:1,
5503066488,2026-09-18,2:1,2:0,4:1,
5585583629,2026-09-25,2:1,2:1,2:1,
